,accuracy,precision,recall,f1score
0,0.8970412595005429,0.8967999129228006,0.999984828716206,0.9455857458468425
